Workbook

Sheet Riesgos
B1: REGISTRO DE RIESGOS
B2: Nombre del proyecto | F2: Responsable del registro | I2: Fecha | K2: Versión | L2: N.° de registros
B3: Plataforma Integrada con SAP Business One — Grupo Gómez Hermanos | F3: Equipo del Proyecto APT | I3: 46288 | K3: v1.0 | L3: =COUNTA(B6:B50) -> 15
B4: Puntaje = probabilidad × impacto (Baja/Bajo = 1, Media/Medio = 2, Alta/Alto = 3). Nivel: Crítico 9 · Alto 6 · Moderado 3 a 4 · Bajo 1 a 2. El puntaje y el nivel se calculan solos al cambiar la probabilidad o el impacto.
B5: ID | C5: Categoría | D5: Riesgo | E5: Causa | F5: Consecuencia | G5: Probabilidad | H5: Impacto | I5: Puntaje | J5: Nivel | K5: Estrategia | L5: Respuesta / acciones preventivas | M5: Plan de contingencia | N5: Responsable | O5: Disparador / señal de alerta | P5: Estado | Q5: Fecha de identificación | R5: Última revisión
B6: R-01 | C6: Alcance | D6: Aumento no controlado del alcance | E6: Cada proceso revisado abre necesidades adicionales y la organización solicita nuevas funciones durante el desarrollo. | F6: Módulos incompletos al cierre del semestre y pérdida de calidad en las funciones comprometidas. | G6: Alta | H6: Alto | I6: =IFERROR(IF(G6="Alta",3,IF(G6="Media",2,IF(G6="Baja",1,0)))*IF(H6="Alto",3,IF(H6="Medio",2,IF(H6="Bajo",1,0))),"") -> 9 | J6: =IF(I6="","",IF(I6>=9,"Crítico",IF(I6>=6,"Alto",IF(I6>=3,"Moderado","Bajo")))) -> Crítico | K6: Mitigar | L6: Mantener el producto mínimo viable de seis módulos. Todo cambio relevante se registra y evalúa según la gestión de cambios de la Carta de Constitución. Las funciones nuevas se agregan al Product Backlog como mejoras futuras. | M6: Si al cierre de un sprint el avance es menor al 70 % de lo comprometido, se reprioriza el backlog y se posterga la función de menor valor. | N6: Product Owner (rotativo) | O6: Historias nuevas agregadas a un sprint en curso o velocidad inferior a la planificada durante dos sprints. | P6: En seguimiento | Q6: 46248 | R6: 46288
B7: R-02 | C7: Integración | D7: Falta de acceso al ambiente real de SAP Business One | E7: El ambiente productivo es crítico para la operación y el acceso para pruebas depende de la disponibilidad de TI. | F7: La integración no puede validarse contra el ERP real y se retrasan las pruebas de los módulos comercial y de solicitudes. | G7: Media | H7: Alto | I7: =IFERROR(IF(G7="Alta",3,IF(G7="Media",2,IF(G7="Baja",1,0)))*IF(H7="Alto",3,IF(H7="Medio",2,IF(H7="Bajo",1,0))),"") -> 6 | J7: =IF(I7="","",IF(I7>=9,"Crítico",IF(I7>=6,"Alto",IF(I7>=3,"Moderado","Bajo")))) -> Alto | K7: Mitigar | L7: Desarrollar y probar con servicios simulados que reproducen las respuestas de la API de lectura y del Service Layer, con datos ficticios. Dejar los casos de prueba escritos para repetirlos contra el ambiente real. | M7: Presentar la demostración final con servicios simulados, acompañada del registro de pruebas y de la especificación de integración. | N7: Alexssander López | O7: Semana 10 sin acceso confirmado a un ambiente de prueba del ERP. | P7: Abierto | Q7: 46248 | R7: 46288
B8: R-03 | C8: Licenciamiento | D8: Uso de la integración sin la autorización de acceso indirecto requerida | E8: Las operaciones realizadas en el ERP a través de una aplicación externa pueden requerir autorizaciones específicas según el contrato con SAP. | F8: Incumplimiento contractual con el proveedor del ERP e imposibilidad de llevar la solución a producción. | G8: Media | H8: Alto | I8: =IFERROR(IF(G8="Alta",3,IF(G8="Media",2,IF(G8="Baja",1,0)))*IF(H8="Alto",3,IF(H8="Medio",2,IF(H8="Bajo",1,0))),"") -> 6 | J8: =IF(I8="","",IF(I8>=9,"Crítico",IF(I8>=6,"Alto",IF(I8>=3,"Moderado","Bajo")))) -> Alto | K8: Evitar | L8: La plataforma no busca reemplazar ni eludir el licenciamiento. La organización confirmará con su partner autorizado el tipo, cantidad y costo de las autorizaciones antes de cualquier puesta en producción. En el semestre se opera solo en ambiente académico controlado. | M8: Suspender la puesta en producción hasta contar con la validación contractual; la entrega académica no se ve afectada. | N8: Matías Orellana | O8: Uso de la integración fuera del ambiente de demostración sin validación escrita del partner. | P8: En seguimiento | Q8: 46248 | R8: 46288
B9: R-04 | C9: Rendimiento | D9: La API de lectura agrega carga al ERP en lugar de reducirla | E9: Consultas sin filtros, sin paginación o ejecutadas con alta frecuencia sobre SAP HANA. | F9: El ERP se vuelve más lento en las horas de mayor actividad, contrario al objetivo del proyecto. | G9: Media | H9: Alto | I9: =IFERROR(IF(G9="Alta",3,IF(G9="Media",2,IF(G9="Baja",1,0)))*IF(H9="Alto",3,IF(H9="Medio",2,IF(H9="Bajo",1,0))),"") -> 6 | J9: =IF(I9="","",IF(I9>=9,"Crítico",IF(I9>=6,"Alto",IF(I9>=3,"Moderado","Bajo")))) -> Alto | K9: Mitigar | L9: Limitar las consultas a los campos necesarios, paginar los listados, aplicar tiempos límite de espera y reintentos acotados, y programar las tareas pesadas fuera del horario de mayor uso. | M9: Desactivar la consulta afectada y volver temporalmente al procedimiento anterior mientras se optimiza. | N9: Alexssander López | O9: Tiempo de respuesta de una consulta superior al comprometido en los requerimientos no funcionales. | P9: Abierto | Q9: 46255 | R9: 46288
B10: R-05 | C10: Requerimientos | D10: Cambios en los requerimientos | E10: Procesos no documentados que dependen de cómo los ejecuta cada persona y validaciones tardías de los usuarios. | F10: Retrabajo, historias que deben rehacerse y desfase respecto de la carta Gantt. | G10: Alta | H10: Medio | I10: =IFERROR(IF(G10="Alta",3,IF(G10="Media",2,IF(G10="Baja",1,0)))*IF(H10="Alto",3,IF(H10="Medio",2,IF(H10="Bajo",1,0))),"") -> 6 | J10: =IF(I10="","",IF(I10>=9,"Crítico",IF(I10>=6,"Alto",IF(I10>=3,"Moderado","Bajo")))) -> Alto | K10: Mitigar | L10: Modelar los flujos actuales y validarlos con quienes los ejecutan antes de redactar las historias. Refinar el Product Backlog en cada sprint con criterios de aceptación explícitos. | M10: Congelar el alcance del sprint en curso y aplicar el cambio en el siguiente, previa evaluación de impacto. | N10: Product Owner (rotativo) | O10: Una misma historia modificada más de una vez después de aprobada. | P10: En seguimiento | Q10: 46248 | R10: 46288
B11: R-06 | C11: Requerimientos | D11: Procesos de la organización sin documentación formal | E11: Varios procedimientos se transmiten de forma verbal y existen versiones distintas según el área. | F11: Requerimientos incompletos o contradictorios y reglas de negocio mal implementadas. | G11: Alta | H11: Medio | I11: =IFERROR(IF(G11="Alta",3,IF(G11="Media",2,IF(G11="Baja",1,0)))*IF(H11="Alto",3,IF(H11="Medio",2,IF(H11="Bajo",1,0))),"") -> 6 | J11: =IF(I11="","",IF(I11>=9,"Crítico",IF(I11>=6,"Alto",IF(I11>=3,"Moderado","Bajo")))) -> Alto | K11: Mitigar | L11: Levantar cada proceso con al menos dos usuarios del área, documentar las diferencias y resolverlas con la jefatura antes de programar. | M11: Registrar la regla en disputa como supuesto y validarla en la revisión del sprint con el usuario clave. | N11: Millaray Espósito | O11: Diferencias entre las respuestas de dos usuarios sobre un mismo paso del proceso. | P11: Mitigado | Q11: 46248 | R11: 46288
B12: R-07 | C12: Equipo | D12: Disponibilidad limitada de los integrantes | E12: Los tres integrantes compatibilizan el proyecto con trabajo y otras asignaturas. | F12: Tareas atrasadas y dependencia de una sola persona para componentes críticos. | G12: Media | H12: Alto | I12: =IFERROR(IF(G12="Alta",3,IF(G12="Media",2,IF(G12="Baja",1,0)))*IF(H12="Alto",3,IF(H12="Medio",2,IF(H12="Bajo",1,0))),"") -> 6 | J12: =IF(I12="","",IF(I12>=9,"Crítico",IF(I12>=6,"Alto",IF(I12>=3,"Moderado","Bajo")))) -> Alto | K12: Mitigar | L12: Planificar la capacidad real de cada sprint, mantener una reunión semanal de seguimiento y registrar los avances en el repositorio para que cualquier integrante pueda retomar una tarea. | M12: Redistribuir las tareas del integrante afectado y reducir el alcance del sprint. | N12: Scrum Master (rotativo) | O12: Tareas sin avance durante una semana o impedimentos repetidos en las reuniones de seguimiento. | P12: En seguimiento | Q12: 46248 | R12: 46288
B13: R-08 | C13: Seguridad | D13: Exposición de información confidencial de la organización | E13: Evidencias, capturas o repositorio con datos reales, credenciales o direcciones internas. | F13: Riesgo para la seguridad de la empresa y quiebre del acuerdo de confidencialidad. | G13: Media | H13: Alto | I13: =IFERROR(IF(G13="Alta",3,IF(G13="Media",2,IF(G13="Baja",1,0)))*IF(H13="Alto",3,IF(H13="Medio",2,IF(H13="Bajo",1,0))),"") -> 6 | J13: =IF(I13="","",IF(I13>=9,"Crítico",IF(I13>=6,"Alto",IF(I13>=3,"Moderado","Bajo")))) -> Alto | K13: Evitar | L13: Repositorio privado, credenciales fuera del código, datos ficticios en pruebas y demostraciones, y revisión de cada evidencia antes de entregarla. | M13: Retirar de inmediato el material expuesto, rotar las credenciales afectadas e informar a TI. | N13: Matías Orellana | O13: Evidencia con nombres de clientes, rutas, direcciones o parámetros de conexión. | P13: En seguimiento | Q13: 46248 | R13: 46288
B14: R-09 | C14: Datos | D14: Inconsistencia entre la plataforma y el ERP | E14: Envío fallido o duplicado de un documento, o error del ERP no controlado por la plataforma. | F14: Documentos duplicados en SAP o solicitudes aprobadas que nunca llegaron al ERP. | G14: Media | H14: Alto | I14: =IFERROR(IF(G14="Alta",3,IF(G14="Media",2,IF(G14="Baja",1,0)))*IF(H14="Alto",3,IF(H14="Medio",2,IF(H14="Bajo",1,0))),"") -> 6 | J14: =IF(I14="","",IF(I14>=9,"Crítico",IF(I14>=6,"Alto",IF(I14>=3,"Moderado","Bajo")))) -> Alto | K14: Mitigar | L14: Guardar el documento exacto enviado al ERP para reintentar sin reconstruirlo, registrar el identificador devuelto por cada línea y manejar un estado explícito de error del ERP. | M14: Revisión manual de las solicitudes en estado de error y conciliación con el documento del ERP. | N14: Alexssander López | O14: Solicitud aprobada sin número de documento del ERP después del envío. | P14: Abierto | Q14: 46269 | R14: 46288
B15: R-10 | C15: Integración | D15: Integración tardía de los módulos | E15: Módulos desarrollados en paralelo sin integrarse hasta el final del semestre. | F15: Errores descubiertos al cierre, sin tiempo para corregirlos. | G15: Media | H15: Alto | I15: =IFERROR(IF(G15="Alta",3,IF(G15="Media",2,IF(G15="Baja",1,0)))*IF(H15="Alto",3,IF(H15="Medio",2,IF(H15="Bajo",1,0))),"") -> 6 | J15: =IF(I15="","",IF(I15>=9,"Crítico",IF(I15>=6,"Alto",IF(I15>=3,"Moderado","Bajo")))) -> Alto | K15: Mitigar | L15: Integrar y probar en cada sprint. La Definition of Done exige que la historia esté integrada al producto. | M15: Usar la semana de integración final reservada en la carta Gantt, sin incorporar nuevas funciones. | N15: Alexssander López | O15: Historias terminadas que no se han integrado a la rama principal al cierre del sprint. | P15: Abierto | Q15: 46248 | R15: 46288
B16: R-11 | C16: Calidad | D16: Pruebas insuficientes | E16: Presión de plazos que desplaza las pruebas al final del desarrollo. | F16: Incidencias críticas en la demostración e incumplimiento de los criterios de aceptación. | G16: Media | H16: Alto | I16: =IFERROR(IF(G16="Alta",3,IF(G16="Media",2,IF(G16="Baja",1,0)))*IF(H16="Alto",3,IF(H16="Medio",2,IF(H16="Bajo",1,0))),"") -> 6 | J16: =IF(I16="","",IF(I16>=9,"Crítico",IF(I16>=6,"Alto",IF(I16>=3,"Moderado","Bajo")))) -> Alto | K16: Mitigar | L16: Escribir los casos de prueba junto con cada historia y ejecutarlos antes de darla por terminada. Priorizar las pruebas de los módulos críticos: autorizaciones, permisos e integración. | M16: Reducir la cobertura de los módulos secundarios y documentar las pruebas pendientes. | N16: Millaray Espósito | O16: Historias marcadas como terminadas sin casos de prueba asociados. | P16: Abierto | Q16: 46248 | R16: 46288
B17: R-12 | C17: Adopción | D17: Los usuarios continúan usando correo y planillas | E17: La plataforma resulta más lenta o menos clara que el método actual. | F17: La solución existe pero no resuelve el problema y la información vuelve a dispersarse. | G17: Media | H17: Alto | I17: =IFERROR(IF(G17="Alta",3,IF(G17="Media",2,IF(G17="Baja",1,0)))*IF(H17="Alto",3,IF(H17="Medio",2,IF(H17="Bajo",1,0))),"") -> 6 | J17: =IF(I17="","",IF(I17>=9,"Crítico",IF(I17>=6,"Alto",IF(I17>=3,"Moderado","Bajo")))) -> Alto | K17: Mitigar | L17: Diseñar las pantallas a partir de los flujos reales, validar los prototipos con usuarios clave y medir el tiempo de cada tarea frente al procedimiento actual. | M17: Ajustar la interfaz del flujo afectado en el sprint siguiente según la retroalimentación. | N17: Millaray Espósito | O17: Usuarios clave que no logran completar un flujo sin ayuda durante la validación. | P17: Abierto | Q17: 46255 | R17: 46288
... B20: R-15 | C20: Metodología | D20: Pérdida de continuidad por la rotación de roles Scrum | E20: Los roles de Product Owner y Scrum Master rotan entre sprints. | F20: Decisiones o prioridades que se pierden entre un responsable y el siguiente. | G20: Baja | H20: Medio | I20: =IFERROR(IF(G20="Alta",3,IF(G20="Media",2,IF(G20="Baja",1,0)))*IF(H20="Alto",3,IF(H20="Medio",2,IF(H20="Bajo",1,0))),"") -> 2 | J20: =IF(I20="","",IF(I20>=9,"Crítico",IF(I20>=6,"Alto",IF(I20>=3,"Moderado","Bajo")))) -> Bajo | K20: Mitigar | L20: Registrar en la planificación de cada sprint quién asume cada rol y traspasar el estado del backlog en la retrospectiva. | M20: El Scrum Master saliente acompaña la planificación del sprint siguiente. | N20: Scrum Master (rotativo) | O20: Prioridades contradictorias entre dos sprints consecutivos. | P20: Abierto | Q20: 46269 | R20: 46288

Sheet Restricciones
B1: REGISTRO DE RESTRICCIONES
B2: Nombre del proyecto | E2: Responsable del registro | G2: Fecha | H2: Versión | I2: N.° de registros
B3: Plataforma Integrada con SAP Business One — Grupo Gómez Hermanos | E3: Equipo del Proyecto APT | G3: 46288 | H3: v1.0 | I3: =COUNTA(B6:B50) -> 13
B4: Restricción: condición impuesta que el proyecto no puede modificar y dentro de la cual debe ejecutarse. Los riesgos relacionados remiten a los identificadores de la hoja Riesgos.
B5: ID | C5: Tipo | D5: Restricción | E5: Origen | F5: Impacto en el proyecto | G5: Forma de gestión | H5: Responsable | I5: Riesgos relacionados | J5: Estado
B6: X-01 | C6: Tiempo | D6: El proyecto debe ejecutarse dentro de las 18 semanas del periodo académico, entre el 14/08/2026 y el 07/12/2026. | E6: Calendario académico de la asignatura Capstone | F6: El alcance debe ajustarse al plazo; no hay extensión posible. | G6: Carta Gantt con fases y semanas, producto mínimo viable acotado y control semanal del avance. | H6: Scrum Master (rotativo) | I6: R-01, R-07 | J6: Vigente
B7: X-02 | C7: Recursos | D7: El equipo está compuesto por tres estudiantes. | E7: Conformación del grupo | F7: La capacidad por sprint es limitada y cada integrante cubre más de un rol. | G7: Distribución de responsabilidades por fortaleza, roles Scrum rotativos y trabajo en paralelo. | H7: Equipo del proyecto | I7: R-07, R-15 | J7: Vigente
B8: X-03 | C8: Alcance | D8: La cantidad de funcionalidades debe mantenerse dentro del producto mínimo viable de seis módulos. | E8: Carta de Constitución | F8: Las funciones adicionales no pueden incorporarse sin evaluar su impacto. | G8: Gestión de cambios formal y registro de mejoras futuras en el Product Backlog. | H8: Product Owner (rotativo) | I8: R-01 | J8: Vigente
B9: X-04 | C9: Contractual | D9: La solución debe respetar el contrato y el licenciamiento vigente de SAP Business One, incluidas las autorizaciones de acceso indirecto. | E9: Contrato de la organización con SAP y su partner | F9: La plataforma no puede usarse para eludir licencias; su paso a producción depende de la validación contractual. | G9: Validación con el partner autorizado antes de producción. Operación académica solo en ambiente controlado. | H9: Representante GGH | I9: R-03 | J9: Por validar
B10: X-05 | C10: Técnica | D10: Toda escritura en el ERP debe realizarse a través de SAP Business One Service Layer. | E10: Soporte oficial del fabricante | F10: No se permite escribir directamente en la base de datos del ERP. | G10: Arquitectura con ruta de escritura exclusiva por Service Layer, sujeta a las validaciones de SAP. | H10: Alexssander López | I10: R-09 | J10: Vigente
B11: X-06 | C11: Técnica | D11: Las consultas a SAP HANA deben ser de solo lectura. | E11: Integridad del ERP y política de TI | F11: La API propia no puede modificar datos del ERP. | G11: Usuario de base de datos con permisos de lectura y API de integración sin operaciones de escritura. | H11: Alexssander López | I11: R-04 | J11: Vigente
B12: X-07 | C12: Infraestructura | D12: Los servicios y tareas programadas se ejecutan sobre la infraestructura existente de la organización, en servidores Windows Server 2016. | E12: Infraestructura disponible en GGH | F12: Las herramientas y dependencias deben ser compatibles con ese sistema operativo. | G12: Validar la compatibilidad de cada componente y documentar la instalación de los servicios programados. | H12: Alexssander López | I12: R-13 | J12: Vigente
B13: X-08 | C13: Red | D13: Ningún componente de la plataforma se publica en Internet. | E13: Política de seguridad de la organización | F13: La solución opera solo dentro de la red corporativa. | G13: Despliegue interno y demostraciones en ambiente controlado. | H13: Jefatura de TI | I13: R-08 | J13: Vigente
B14: X-09 | C14: Acceso | D14: El acceso al ambiente real de SAP Business One puede ser limitado. | E14: Criticidad del ERP en la operación | F14: La integración puede no validarse contra el sistema productivo durante el semestre. | G14: Servicios simulados, datos ficticios y casos de prueba listos para repetir contra el ambiente real. | H14: Alexssander López | I14: R-02 | J14: Vigente
B15: X-10 | C15: Confidencialidad | D15: El repositorio y el código fuente son confidenciales. | E15: Acuerdo con la organización | F15: No se entrega copia del sistema ni acceso a sus carpetas en las evaluaciones. | G15: Repositorio privado y demostraciones realizadas directamente por el equipo. | H15: Matías Orellana | I15: R-08 | J15: Vigente
B16: X-11 | C16: Seguridad | D16: No se deben exponer credenciales, direcciones internas ni datos empresariales. | E16: Acuerdo con la organización | F16: Toda evidencia debe revisarse antes de su entrega. | G16: Evidencias sanitizadas y credenciales almacenadas fuera del código. | H16: Equipo del proyecto | I16: R-08 | J16: Vigente
... B18: X-13 | C18: Tecnológica | D18: Las herramientas de desarrollo deben ser de acceso libre o contar con versión gratuita. | E18: Presupuesto del proyecto académico | F18: No se adquieren licencias adicionales para desarrollar ni probar. | G18: Uso de Python, Django, PostgreSQL, FastAPI, Git y GitHub. | H18: Equipo del proyecto | I18: — | J18: Vigente

Sheet Decisiones
B1: REGISTRO DE DECISIONES
B2: Nombre del proyecto | F2: Responsable del registro | H2: Fecha | I2: Versión | J2: N.° de registros
B3: Plataforma Integrada con SAP Business One — Grupo Gómez Hermanos | F3: Equipo del Proyecto APT | H3: 46288 | I3: v1.0 | J3: =COUNTA(B6:B50) -> 12
B4: Cada decisión relevante registra las alternativas evaluadas y su justificación, según la gestión de cambios de la Carta de Constitución. «Relacionado con» remite a riesgos (R) y restricciones (X).
B5: ID | C5: Fecha | D5: Tema | E5: Decisión adoptada | F5: Alternativas evaluadas | G5: Justificación | H5: Impacto en el proyecto | I5: Responsable | J5: Aprobó | K5: Relacionado con | L5: Estado
B6: D-01 | C6: 46248 | D6: Naturaleza de la solución | E6: La plataforma funcionará como una capa interna de gestión e integración, sin reemplazar a SAP Business One. | F6: Reemplazar procesos completos del ERP · Desarrollar un sistema independiente | G6: El ERP es la fuente oficial de la información comercial, logística y contable. Una capa interna resuelve los procesos previos sin duplicar datos ni comprometer la integridad del sistema. | H6: Delimita qué construye el equipo y qué permanece en el ERP. | I6: Equipo del proyecto | J6: Representante GGH | K6: X-04, X-05 | L6: Aprobada
B7: D-02 | C7: 46276 | D7: Justificación del proyecto | E7: El problema se plantea desde la capacidad del ERP y los procesos manuales, no desde el ahorro de licencias. | F7: Justificar el proyecto por la reducción del número de licencias de SAP | G7: Una aplicación externa no puede usarse para eludir el licenciamiento: las operaciones que llegan al ERP requieren las autorizaciones de acceso indirecto que correspondan. El argumento legítimo es la carga que generan los usuarios simultáneos y la dispersión de los procesos. | H7: Se actualizaron la Carta de Constitución, el informe de definición y la presentación. | I7: Equipo del proyecto | J7: Equipo del proyecto | K7: R-03, X-04 | L7: Implementada
B8: D-03 | C8: 46255 | D8: Arquitectura de integración | E8: Separar la lectura de la escritura: consultas por una API propia en FastAPI sobre SAP HANA, en solo lectura, y escrituras exclusivamente por Service Layer. | F8: Resolver todo por Service Layer · Escribir directamente en la base de datos del ERP | G8: La consulta directa en solo lectura ofrece mejor rendimiento y permite construir reportes. La escritura por Service Layer es el único canal soportado y aplica todas las validaciones de SAP. | H8: Define dos rutas de integración y sus mecanismos de seguridad. | I8: Alexssander López | J8: Jefatura de TI | K8: R-04, X-05, X-06 | L8: Aprobada
B9: D-04 | C9: 46255 | D9: Tecnologías de desarrollo | E9: Desarrollar con Python y Django, PostgreSQL como base de datos principal y SQLite para el ambiente académico de demostración. | F9: Laravel · Spring Boot · .NET | G9: Django ya es dominado por el equipo, trae autenticación y permisos incorporados y es de acceso libre. Evita destinar semanas del semestre a aprender otra herramienta. | H9: Todo el desarrollo se construye sobre este stack. | I9: Matías Orellana | J9: Equipo del proyecto | K9: X-01, X-13 | L9: Implementada
B10: D-05 | C10: 46248 | D10: Alcance del producto | E10: Acotar el producto mínimo viable a seis módulos e incorporar Posventa dentro de ellos. | F10: Incluir mesa de ayuda y otros procesos secundarios · Dejar Posventa fuera | G10: Posventa reutiliza componentes ya comprometidos: usuarios, permisos, autorizaciones, notificaciones y trazabilidad. Los procesos secundarios quedan como mejoras futuras. | H10: Fija el contenido del Product Backlog priorizado. | I10: Equipo del proyecto | J10: Representante GGH | K10: R-01, X-03 | L10: Aprobada
B11: D-06 | C11: 46248 | D11: Metodología | E11: Aplicar Scrum con sus tres roles: Product Owner, Scrum Master y Developers. Los roles de Product Owner y Scrum Master rotan entre sprints y los tres integrantes actúan siempre como Developers. | F11: Roles fijos · Metodología en cascada | G11: La rotación permite que los tres integrantes demuestren la aplicación de cada rol, y que todos sean Developers asegura que nadie quede fuera del desarrollo. Los sprints cortos permiten revisar y corregir con frecuencia. | H11: La planificación de cada sprint y la documentación registran quién asume cada rol. | I11: Equipo del proyecto | J11: Docente de la asignatura | K11: R-15, X-02 | L11: Implementada
B12: D-07 | C12: 46262 | D12: Datos maestros | E12: No replicar los datos maestros del ERP en la base propia; guardar solo sus identificadores y consultar el resto en línea. | F12: Copiar productos y clientes a PostgreSQL con sincronización periódica | G12: Replicar genera duplicidad y obliga a sincronizar. Mantener una sola fuente de verdad evita inconsistencias. | H12: Las tablas propias guardan identificadores del ERP como referencia. | I12: Alexssander López | J12: Equipo del proyecto | K12: R-09 | L12: Implementada
B13: D-08 | C13: 46269 | D13: Envío de documentos al ERP | E13: Guardar el documento exacto que se enviará al ERP y el identificador devuelto por cada línea. | F13: Reconstruir el documento en cada intento de envío | G13: Permite reintentar sin diferencias entre lo autorizado y lo enviado, y evita duplicar líneas ya creadas si un envío falla a la mitad. | H13: Se agregan campos de documento, identificador y mensaje de error en las solicitudes. | I13: Alexssander López | J13: Equipo del proyecto | K13: R-09 | L13: Implementada
B14: D-09 | C14: 46255 | D14: Seguridad de la API | E14: Autenticar cada petición a la API de integración mediante firma. | F14: Clave fija compartida · Sin autenticación dentro de la red interna | G14: La firma impide que otro sistema de la red consuma la API y hace verificable el origen de cada consulta. | H14: Toda consulta de lectura pasa por la verificación de firma. | I14: Matías Orellana | J14: Jefatura de TI | K14: R-08, X-08 | L14: Implementada
B15: D-10 | C15: 46262 | D15: Trazabilidad de usuarios | E15: Desactivar a los usuarios en lugar de eliminarlos, con relaciones protegidas contra borrado. | F15: Eliminación física de usuarios | G15: Ningún historial puede perder a su responsable: la base de datos rechaza el borrado de un usuario con procesos asociados. | H15: Se agrega un estado de activación en los usuarios. | I15: Alexssander López | J15: Equipo del proyecto | K15: R-08 | L15: Implementada
B16: D-11 | C16: 46248 | D16: Ambiente de demostración | E16: Realizar las pruebas y demostraciones con datos ficticios y servicios simulados. | F16: Demostrar sobre el ambiente productivo con datos reales | G16: Protege la información de la organización y permite demostrar el producto aunque no exista acceso al ERP real. | H16: Se prepara una base de datos de demostración y un simulador de respuestas. | I16: Millaray Espósito | J16: Representante GGH | K16: R-02, X-09, X-12 | L16: Aprobada
B17: D-12 | C17: 46255 | D17: Documentación de la arquitectura | E17: Representar la arquitectura con el modelo 4+1: vistas lógica, de procesos, de desarrollo, física y escenarios. | F17: Un único diagrama general | G17: El modelo 4+1 permite explicar la solución a interesados con necesidades distintas: negocio, desarrollo e infraestructura. | H17: Define la estructura del documento de arquitectura. | I17: Matías Orellana | J17: Docente de la asignatura | K17: — | L17: Aprobada

Sheet Matriz de calor
B1: MATRIZ DE PROBABILIDAD E IMPACTO
B2: Cantidad de riesgos según su combinación de probabilidad e impacto, e identificadores de cada celda. Se actualiza sola a partir de la hoja Riesgos.
D4: IMPACTO — N.º DE RIESGOS | I4: IMPACTO — RIESGOS EN CADA CELDA
C5: Probabilidad | D5: Bajo | E5: Medio | F5: Alto | G5: Total | I5: Bajo | J5: Medio | K5: Alto
B6: PROBABILIDAD | C6: Alta | D6: =COUNTIFS(Riesgos!$G$6:$G$200,$C6,Riesgos!$H$6:$H$200,D$5) -> 0 | E6: =COUNTIFS(Riesgos!$G$6:$G$200,$C6,Riesgos!$H$6:$H$200,E$5) -> 2 | F6: =COUNTIFS(Riesgos!$G$6:$G$200,$C6,Riesgos!$H$6:$H$200,F$5) -> 1 | G6: =SUM(D6:F6) -> 3 | I6: {=IF(D6=0,"—",_xlfn.TEXTJOIN(", ",TRUE,IF((Riesgos!$G$6:$G$200=$C6)*(Riesgos!$H$6:$H$200=I$5),Riesgos!$B$6:$B$200,"")))} -> — | J6: {=IF(E6=0,"—",_xlfn.TEXTJOIN(", ",TRUE,IF((Riesgos!$G$6:$G$200=$C6)*(Riesgos!$H$6:$H$200=J$5),Riesgos!$B$6:$B$200,"")))} -> R-05, R-06 | K6: {=IF(F6=0,"—",_xlfn.TEXTJOIN(", ",TRUE,IF((Riesgos!$G$6:$G$200=$C6)*(Riesgos!$H$6:$H$200=K$5),Riesgos!$B$6:$B$200,"")))} -> R-01
C7: Media | D7: =COUNTIFS(Riesgos!$G$6:$G$200,$C7,Riesgos!$H$6:$H$200,D$5) -> 0 | E7: =COUNTIFS(Riesgos!$G$6:$G$200,$C7,Riesgos!$H$6:$H$200,E$5) -> 2 | F7: =COUNTIFS(Riesgos!$G$6:$G$200,$C7,Riesgos!$H$6:$H$200,F$5) -> 9 | G7: =SUM(D7:F7) -> 11 | I7: {=IF(D7=0,"—",_xlfn.TEXTJOIN(", ",TRUE,IF((Riesgos!$G$6:$G$200=$C7)*(Riesgos!$H$6:$H$200=I$5),Riesgos!$B$6:$B$200,"")))} -> — | J7: {=IF(E7=0,"—",_xlfn.TEXTJOIN(", ",TRUE,IF((Riesgos!$G$6:$G$200=$C7)*(Riesgos!$H$6:$H$200=J$5),Riesgos!$B$6:$B$200,"")))} -> R-13, R-14 | K7: {=IF(F7=0,"—",_xlfn.TEXTJOIN(", ",TRUE,IF((Riesgos!$G$6:$G$200=$C7)*(Riesgos!$H$6:$H$200=K$5),Riesgos!$B$6:$B$200,"")))} -> R-02, R-03, R-04, R-07, R-08, R-09, R-10, R-11, R-12
C8: Baja | D8: =COUNTIFS(Riesgos!$G$6:$G$200,$C8,Riesgos!$H$6:$H$200,D$5) -> 0 | E8: =COUNTIFS(Riesgos!$G$6:$G$200,$C8,Riesgos!$H$6:$H$200,E$5) -> 1 | F8: =COUNTIFS(Riesgos!$G$6:$G$200,$C8,Riesgos!$H$6:$H$200,F$5) -> 0 | G8: =SUM(D8:F8) -> 1 | I8: {=IF(D8=0,"—",_xlfn.TEXTJOIN(", ",TRUE,IF((Riesgos!$G$6:$G$200=$C8)*(Riesgos!$H$6:$H$200=I$5),Riesgos!$B$6:$B$200,"")))} -> — | J8: {=IF(E8=0,"—",_xlfn.TEXTJOIN(", ",TRUE,IF((Riesgos!$G$6:$G$200=$C8)*(Riesgos!$H$6:$H$200=J$5),Riesgos!$B$6:$B$200,"")))} -> R-15 | K8: {=IF(F8=0,"—",_xlfn.TEXTJOIN(", ",TRUE,IF((Riesgos!$G$6:$G$200=$C8)*(Riesgos!$H$6:$H$200=K$5),Riesgos!$B$6:$B$200,"")))} -> —
C9: Total | D9: =SUM(D6:D8) -> 0 | E9: =SUM(E6:E8) -> 5 | F9: =SUM(F6:F8) -> 10 | G9: =SUM(G6:G8) -> 15
C11: Leyenda | D11: Crítico · 9 | E11: Alto · 6 | F11: Moderado · 3 a 4 | G11: Bajo · 1 a 2 | I11: Color según puntaje = probabilidad × impacto (Baja/Bajo = 1, Media/Medio = 2, Alta/Alto = 3).
C13: RESUMEN POR NIVEL
C14: Nivel | D14: Cantidad | E14: % del total | F14: Distribución
C15: Crítico | D15: =COUNTIF(Riesgos!$J$6:$J$200,$C15) -> 1 | E15: =IF($D$19=0,0,D15/$D$19) -> 0.066666667 | F15: =E15 -> 0.066666667
C16: Alto | D16: =COUNTIF(Riesgos!$J$6:$J$200,$C16) -> 11 | E16: =IF($D$19=0,0,D16/$D$19) -> 0.73333333 | F16: =E16 -> 0.73333333
C17: Moderado | D17: =COUNTIF(Riesgos!$J$6:$J$200,$C17) -> 2 | E17: =IF($D$19=0,0,D17/$D$19) -> 0.13333333 | F17: =E17 -> 0.13333333
C18: Bajo | D18: =COUNTIF(Riesgos!$J$6:$J$200,$C18) -> 1 | E18: =IF($D$19=0,0,D18/$D$19) -> 0.066666667 | F18: =E18 -> 0.066666667
C19: Total | D19: =SUM(D15:D18) -> 15 | E19: =SUM(E15:E18) -> 1
